Rut Kristin Aanestad,Aanestad
Matti Aarnio,Aarnio
Josh Aas,Aas
Guillaume Abadie,Abadie
Hiroki Abe,Abe
Tim Abraldes,Abraldes
Robert Accettura,Accettura
Jason Ackley,Ackley
Carl Adams,Adams
Lucas Adamski,Adamski
Tobias Adamson,Adamson
Luqman Aden,Aden
Sadia Afroze,Afroze
Siddharth Agarwal,Agarwal
Umesh Agarwal,Agarwal
Vaibhav Agarwal,Agarwal
Raymond Etornam Agbeame,Agbeame
Atul Aggarwal,Aggarwal
Vikash Agrawal,Agrawal
Fernando Agüero,Agüero
Pablo Olmos De Aguilera,Aguilera
Willy Aguirre,Aguirre
Thomas Ahlblom,Ahlblom
Masoud Ahmadzadeh,Ahmadzadeh
Jamil Ahmed,Ahmed
Mashkawat Ahsan,Ahsan
Christopher A. Aillon,Aillon
Daisuke Akatsuka,Akatsuka
Ehsan Akhgari,Akhgari
Gautam Akiwate,Akiwate
Mustafa Al-Ameen,Al-Ameen
Ivan Alagenchev,Alagenchev
Amanpreet Singh Alam,Alam
Yousef Alam,Alam
Sean Alamares,Alamares
Wissam Alazzam,Alazzam
Juan Pablo Alcaraz,Alcaraz
Jo Daniel Aleksandersen,Aleksandersen
Fauzan Alfi,Alfi
Rail Aliev,Aliev
Sam Allen,Allen
Warwick Allison,Allison
Matitiahu Allouche,Allouche
Marquinos Álvarez,Álvarez
Pedro Alves,Alves
Mohamed Amarochan,Amarochan
A. Ambrose,Ambrose
Nicholas Ambrose,Ambrose
Nasimul Amin,Amin
Hari Amogh,Amogh
Saurabh Anand,Anand
Jithin Joji Anchanattu,Anchanattu
Andrew Anderson,Anderson
David Anderson,Anderson
Harvey Anderson,Anderson
Mark Anderson,Anderson
Ryota Ando,Ando
Mike Ang,Ang
Hiroshi Annaka,Annaka
Peter Annema,Annema
Pedro Antunes,Antunes
Edwin Aoki,Aoki
Vidur Apparao,Apparao
Makoto Arai,Arai
Artur Araújo,Araújo
Carlos Araya,Araya
Smokey Ardisson,Ardisson
Stefan Arentz,Arentz
Koichi Ariyoshi,Ariyoshi
Denis Arnaud,Arnaud
Kevin Arnold,Arnold
Rob Arnold,Arnold
Akhil Arora,Arora
Justin T. Arthur,Arthur
Surit Aryal,Aryal
Tomoya Asai,Asai
Christian Ascheberg,Ascheberg
Tsahi Asher,Asher
Panagiotis Astithas,Astithas
Chris AtLee,AtLee
Marc Attinasi,Attinasi
Bryan Atwood,Atwood
Siriwat Aumngamsup,Aumngamsup
Jūratė Aušraitė,Aušraitė
Onur Avsar,Avsar
Dietrich Ayala,Ayala
Nattawat Palakawong Na Ayudhaya,Ayudhaya
Faisal Aziz,Aziz
Nigel Babu,Babu
Tim Babych,Babych
Ninoschka Baca,Baca
Ariel Backenroth,Backenroth
Ryan Bacon,Bacon
Rodrigo Bado,Bado
Oussama Badr,Badr
Ralf Baechle,Baechle
Bradley Baetz,Baetz
Shiro Bai,Bai
Dwayne Bailey,Bailey
Vaibhav Bajaj,Bajaj
Péter Bajusz,Bajusz
Jeffrey W. Baker,Baker
Jerry Baker,Baker
Kirk Baker,Baker
Mitchell Baker,Baker
Rhian Baker,Baker
Jennifer Balaco,Balaco
Jay Ball,Ball
Stuart Ballard,Ballard
Andrea Balle,Balle
Guido Ballesi,Ballesi
Jeff Balogh,Balogh
Jan Bambach,Bambach
Honza Bambas,Bambas
Jan Bambas,Bambas
John Bandhauer,Bandhauer
Rey Bango,Bango
Mark Banner,Banner
Jens Bannmann,Bannmann
Ken Barbalace,Barbalace
Jason Barnabe,Barnabe
David Baron,Baron
Colin Barrett,Barrett
Inma Barrios,Barrios
Eusebio Barrun,Barrun
Piotr Bartecki,Bartecki
David Bartlett,Bartlett
Curtis Bartley,Bartley
Philippe Basciano-Le Gall,Basciano-Le Gall
Derrick Frimpong Basoah,Basoah
Jason Bassford,Bassford
Ricardo Batista,Batista
German Bauer,Bauer
Michael Bauer,Bauer
Bo Bayles,Bayles
Michael Bayne,Bayne
Christopher Beard,Beard
Patrick Beard,Beard
Glen Beasley,Beasley
Jeff Beatty,Beatty
Nick Beaudrot,Beaudrot
Nicholas Bebout,Bebout
Juan Becerra,Becerra
Adam Becevello,Becevello
Casey Becking,Becking
Neal Bedard,Bedard
Gert-Paul van der Beek,Beek
Christine Begle,Begle
Brian Behlendorf,Behlendorf
Geoffrey Beir,Beir
Stephen Beitzel,Beitzel
Artem Belevich,Belevich
Ruslan Belkin,Belkin
Mike Beltzner,Beltzner
Wim Benes,Benes
Iacopo Benesperi,Benesperi
Peter Bengtsson,Bengtsson
Simon Bennetts,Bennetts
Brandon Benvie,Benvie
Kurt-Rune Bergset,Bergset
Jussi Bergström,Bergström
Kevin Berkheiser,Berkheiser
Mic Berman,Berman
Uri Bernstein,Bernstein
Vincent Béron,Béron
Juraj Betak,Betak
 Luis de Bethencourt,Bethencourt
Pete Bevin,Bevin
Runa Bhattacharjee,Bhattacharjee
Gayatri Bhimaraju,Bhimaraju
Armando Biagioni Neto,Biagioni Neto
Arnaud Bienner,Bienner
David Bienvenu,Bienvenu
Christian Biesinger,Biesinger
Paul Biggar,Biggar
Jatin Billimoria,Billimoria
Al Billings,Billings
Rebecca Billings,Billings
Eric Bina,Bina
Seth Bindernagel,Bindernagel
Brian Birtles,Birtles
Alex Bishop,Bishop
Marlon Bishop,Bishop
Abinash Bishoyi,Bishoyi
Colin R. Blake,Blake
Lukas Blakk,Blakk
Jessica Blanco,Blanco
Jim Blandy,Blandy
Joaquin Blas,Blas
Besnik Bleta,Bleta
Christopher Blizzard,Blizzard
Garrett Blythe,Blythe
Chuck Boatwright,Boatwright
Brian Bober,Bober
Travis Bogard,Bogard
Bozhan Boiadzhiev,Boiadzhiev
Jamey Boje,Boje
Mark Bokil,Bokil
Niousha Bolandzadeh,Bolandzadeh
David Bolter,Bolter
Nelson Bolyard,Bolyard
James Bonacci,Bonacci
Marco Bonardo,Bonardo
Phillip Bond,Bond
Brian Bondy,Bondy
Carsten Book,Book
Paul Booker,Booker
Chris Booton,Booton
Dan Born,Born
Arpad Borsos,Borsos
Jeremias Bosch,Bosch
David Boswell,Boswell
Mauro Botelho,Botelho
Robert E. Boughner,Boughner
Winston Bowden,Bowden
Joey Bowles,Bowles
Norris Boyd,Boyd
Ondřej Brablc,Brablc
Kathleen Brade,Brade
Justin Bradford,Bradford
Catherine Brady,Brady
Don Bragg,Bragg
Dave Bragsalla,Bragsalla
Robert Brand,Brand
Ben Branders,Branders
Ryan Brase,Brase
Daniel Bratell,Bratell
Frederik Braun,Braun
Landry Breuil,Breuil
Daniel Brickley,Brickley
David Brittain,Brittain
Eric Broadbent,Broadbent
Sarah Broadwell,Broadwell
Tomas Brodsky,Brodsky
Tim Maks van den Broek,Broek
Daniel Brooks,Brooks
Kevin Brosnan,Brosnan
Geoff Brown,Brown
Germaine Brown,Brown
Jeremy Browne,Browne
David Bruant,Bruant
Jan-Ivar Bruaroey,Bruaroey
Matt Brubeck,Brubeck
Erik Bruchez,Bruchez
Josiah Bruner,Bruner
Alex Buchanan,Buchanan
Ben Bucksch,Bucksch
Frédéric Buclin,Buclin
Leston Buell,Buell
Igor Bukanov,Bukanov
Simon Bünzli,Bünzli
James Burke,Burke
Eric Burley,Burley
David Burns,Burns
Edward J. Burns,Burns
Ariel Burone,Burone
Jonathan Buschmann,Buschmann
Grace Bush,Bush
Angela Butler-McDonald,Butler-McDonald
Marc Byrd,Byrd
David Caabeiro,Caabeiro
Jacek Caban,Caban
Percy Cabello,Cabello
Nilson Cain,Cain
Aaron Cajes,Cajes
Lapo Calamandrei,Calamandrei
Jeff Caldwell,Caldwell
Nicholas Cameron,Cameron
Dave Camp,Camp
Rob Campbell,Campbell
César Andrés Cantero,Cantero
Gion-Andri Cantieni,Cantieni
Martin Cantieni,Cantieni
Eduard Capdevila,Capdevila
Mark Capella,Capella
Conrad Carlen,Carlen
Bjorn Carlson,Carlson
Laurel Carlson,Carlson
Brian Carpenter,Carpenter
Jan Carpenter,Carpenter
Josh Carpenter,Carpenter
Edward Carr,Carr
Evan Carter,Carter
Regis Caspar,Caspar
Andrew Cassin,Cassin
Ryan Cassin,Cassin
Francisco Castanheiro,Castanheiro
Marco Castelluccio,Castelluccio
Garrett Casto,Casto
Daniel Cater,Cater
Matt Caywood,Caywood
Fabien Cazenave,Cazenave
Julián Ceballos,Ceballos
Sergio Celani,Celani
Chakard Chalayut,Chalayut
David Chan,Chan
David M. Chan,Chan
Gary Chan,Chan
Sudhakar Chandrasekharan,Chandrasekharan
John Chang,Chang
Tony Chang,Chang
Wan-Teh Chang,Chang
Milind Changire,Changire
Pierre Chanial,Chanial
Po-chiang Chao,Chao
Steve Chapel,Chapel
Christopher S. Charabaruk,Charabaruk
Serge Charapaev,Charapaev
Frédéric Chateaux,Chateaux
Andrew Chatham,Chatham
Arjuna Rao Chavala,Chavala
Philip Chee,Chee
Paul Chek,Chek
Emily Chen,Chen
Ginn Chen,Chen
Irvin Chen,Chen
Jim Ningjie Chen,Chen
Marco Chen,Chen
Pin-Guang Chen,Chen
Poyu Chen,Chen
Ray Chen,Chen
Szu-Yu Chen,Chen
Alan Cheng,Cheng
Tao Cheng,Cheng
Alexey Chernyak,Chernyak
Théo Chevalier,Chevalier
Troy Chevalier,Chevalier
Pascal Chevrel,Chevrel
Monica Chew,Chew
Jose Maria Chia,Chia
Deng-Wei Chiang,Chiang
Lisa Chiang,Chiang
Hankin Chick,Chick
Guan-Tin Chien,Chien
Mihail Chilyashev,Chilyashev
Desigan Chinniah,Chinniah
Sriharsha Chintalapani,Chintalapani
Ioana Chiorean,Chiorean
Sean Chitwood,Chitwood
Joe Chou,Chou
Pranay Choudhary,Choudhary
Sazzad Chowdhury,Chowdhury
Søren Lønbæk Nygaard Christensen,Christensen
Adam Christian,Christian
Alexandros Chronopoulos,Chronopoulos
Riadh Chtara,Chtara
Howard Chu,Chu
Tony Chung,Chung
Robert Churchill,Churchill
Abdoul S. Cissé,Cissé
Ashley Clark,Clark
James Clark,Clark
Steve Clark,Clark
Bob Clary,Clary
Matt Claypotch,Claypotch
Paula Clemente,Clemente
Wil Clouser,Clouser
Michael Coates,Coates
Tomer Cohen,Cohen
Richard Cohn,Cohn
Terrence Cole,Cole
Lorenzo Colitti,Colitti
Pete Collins,Collins
Scott Collins,Collins
Hernan Rodriguez Colmeiro,Colmeiro
Mary Colvig,Colvig
Stuart Colville,Colville
Ben Combee,Combee
Michael Comella,Comella
Elizabeth Compton,Compton
Don Cone,Cone
Mike Conley,Conley
Mike Connelly,Connelly
Majken Connor,Connor
Mike Connor,Connor
Alex Converse,Converse
Chris Cooper,Cooper
Eric Cooper,Cooper
Cédric Corazza,Corazza
Tim Cormier,Cormier
Catherine Corre,Corre
Michele Dal Corso,Corso
Marcos Costales,Costales
Owen Coutts,Coutts
Simone Cox,Cox
Paul Craciunoiu,Craciunoiu
Donnie Cranford,Cranford
Joshua Cranmer,Cranmer
Tim Craycroft,Craycroft
Chris Crews,Crews
Neil Cronin,Cronin
Douglas Crosher,Crosher
Brian Crowder,Crowder
Todd Crowe,Crowe
Jim Crumley,Crumley
 Crysgem,Crysgem
Mariano Cuenze,Cuenze
Nicholas Cull,Cull
J. Shane Culpepper,Culpepper
Stacey Curtis,Curtis
Rainer Cvillink,Cvillink
Pavel Cvrček,Cvrček
John Daggett,Daggett
Steve Dagley,Dagley
David Dahl,Dahl
Felix H. Dahlke,Dahlke
Denis Daly,Daly
Magnus André Damli,Damli
Huỳnh Hải Đăng,Đăng
Kevin Dangoor,Dangoor
Pasquale Dante,Dante
Marc-Aurèle Darche,Darche
Nagasahas Dasa,Dasa
Rohana Dasanayaka,Dasanayaka
Dave Dash,Dash
Michael Daumling,Daumling
Bruce Davidson,Davidson
Angus Davis,Davis
Anthony Davis,Davis
Michael Davis,Davis
Paul Davis,Davis
Cameron Dawson,Dawson
Michael Dayah,Dayah
Mike de Boer,de Boer
Christopher De Cairos,De Cairos
 Salvador de la Puente González,de la Puente González
Jan de Mooij,de Mooij
Cillian de Roiste,de Roiste
Zilmar de Souza,de Souza
Neil Deakin,Deakin
John Dee,Dee
Krishna Kumar Deep,Deep
Mo DeJong,DeJong
Raivis Dejus,Dejus
Yury Delendik,Delendik
Javi Delgadillo,Delgadillo
Tom Dell,Dell
Vince DeMarco,DeMarco
Julie Deroche,Deroche
Kenan Dervišević,Dervišević
Aakash Desai,Desai
Prashant Desale,Desale
Nick Desaulniers,Desaulniers
Aniket Deshpande,Deshpande
Fabrice Desré,Desré
Stephen DesRoches,DesRoches
Philippe Dessante,Dessante
Harish Dhurvasula,Dhurvasula
Abdullah Diaa,Diaa
Christoph Diehl,Diehl
Matthew Dillon,Dillon
Milos Dinic,Dinic
Patrick-James Dionisio,Dionisio
Vladan Djeric,Djeric
Reidar Djupvik,Djupvik
Jeff Dlouhy,Dlouhy
Steve Dobbelstein,Dobbelstein
Ryan Doherty,Doherty
Jeremy M. Dolan,Dolan
Peter Dolanjski,Dolanjski
Justin Dolske,Dolske
Kemuel Joseph Domanog,Domanog
Simford Dong,Dong
Clayton Donley,Donley
Stephen Donner,Donner
Asa Dotzler,Dotzler
Chris Double,Double
Justin Dow,Dow
Thomas Down,Down
Tyler Downer,Downer
Rick Downes,Downes
George Drapeau,Drapeau
Chris Dreckman,Dreckman
Joe Drew,Drew
Bert Driehuis,Driehuis
David Drinan,Drinan
Aaron Druck,Druck
York Du,Du
Alvin Duan,Duan
Bruno Duarte,Duarte
Micah Dubinko,Dubinko
Jean-François Ducarroz,Ducarroz
Suresh Duddi,Duddi
Jason Duell,Duell
Cian Duffy,Duffy
Jim Dunn,Dunn
Michael Dunn,Dunn
Sean Dunn,Dunn
Crutcher Dunnavant,Dunnavant
Michael duPont,duPont
Karsten Düsterloh,Düsterloh
Jeff Dyer,Dyer
Wadim Dziedzic,Dziedzic
Jason Eager,Eager
Ali Ebrahim,Ebrahim
Rafael Ebron,Ebron
Sean Echevarria,Echevarria
Brandon Ehle,Ehle
Brendan Eich,Eich
Daniel Einspanjer,Einspanjer
Mohamed El Sharnoby,El Sharnoby
Gauthamraj Elango,Elango
Jan Eldenmalm,Eldenmalm
Tom Ellins,Ellins
Desmond Elliott,Elliott
Rick Elliott,Elliott
Steve Elmer,Elmer
Joseph Elwell,Elwell
Hideyuki Emura,Emura
Dawn Endico,Endico
Hans-Andreas Engel,Engel
Kai Engert,Engert
Steve England,England
Madhava Enros,Enros
Jean-Jacques Enser,Enser
Beth Epperson,Epperson
David Epstein,Epstein
Harish Kumar Epuri,Epuri
Michael Yoshitaka Erlewine,Erlewine
Eduardo Escárez,Escárez
Behdad Esfahbod,Esfahbod
Behnam Esfahbod,Esfahbod
Cláudio Esperança,Esperança
Ken Estes,Estes
Ramiro Estrugo,Estrugo
Elika Etemad,Etemad
Matthias Ettrich,Ettrich
Anthony Evans,Evans
Jason Evans,Evans
Jim Everingham,Everingham
Rick Eyre,Eyre
Christian Eyrich,Eyrich
Alex Faaborg,Faaborg
Sahar Fadayian,Fadayian
John Fairhurst,Fairhurst
Jittat Fakcharoenphol,Fakcharoenphol
Gilbert Fang,Fang
Rita Farinha,Farinha
Conor Farrell,Farrell
Thomas Farrow,Farrow
Juan Feal,Feal
Jiao Feng,Feng
Adrian J. Fernandez,Fernandez
Tiago Ferreira,Ferreira
Mitchell Field,Field
Pedro Figueira,Figueira
Aleksandr Filatov,Filatov
Tanner Filip,Filip
Jane Finette,Finette
Mark Finkle,Finkle
Ahmad Firoz,Firoz
Darin Fisher,Fisher
David Fisher,Fisher
Matt Fisher,Fisher
Jayson Fittipaldi,Fittipaldi
Justin Fitzhugh,Fitzhugh
Greg Fiumara,Fiumara
Werner Fleck,Fleck
Alec Flett,Flett
Ryan Flint,Flint
Jennifer Fong,Fong
Marcello Fontolan,Fontolan
Bret Ford,Ford
John Ford,Ford
Laura Forrest,Forrest
Robin Foster,Foster
Hugues Fournier,Fournier
Achraf Fouwad,Fouwad
Seth Fowler,Fowler
Marc Fraioli,Fraioli
Pavel Franc,Franc
Ben Francis,Francis
Joe Francis,Francis
Andreas Franke,Franke
Alix Franquet,Franquet
Simon Fraser,Fraser
Jonathan Freeman,Freeman
Alan Freier,Freier
Eli Friedman,Friedman
Noah Friedman,Friedman
Georg Fritzsche,Fritzsche
Michael J. Fromberger,Fromberger
Chris Fuchs,Fuchs
Brad Fuellenbach,Fuellenbach
Koji Fujimoto,Fujimoto
Tooru Fujisawa,Fujisawa
C. Fung,Fung
Igor Furlan,Furlan
Scott Furman,Furman
Ryoichi Furukawa,Furukawa
Renren Gabás,Gabás
Cory Gackenheimer,Gackenheimer
Anton Gagić,Gagić
Hubert Gajewski,Gajewski
Andreas Gal,Gal
Philippe Basciano-Le Gall,Gall
Niccolò Gallarati,Gallarati
Jeff Galyan,Galyan
Eduard Gamonal,Gamonal
Komal Gandhi,Gandhi
Bruce Gao,Gao
Sean Gao,Gao
Jay Garcia,Garcia
David Gardiner,Gardiner
Sam Garrett,Garrett
Steven Garrity,Garrity
Jeff Garzik,Garzik
Alessio Gastaldi,Gastaldi
Stephen Gates,Gates
Prachi Gauriar,Gauriar
Serge Gautherie,Gautherie
Mike Gauthier,Gauthier
Claudius Gayle,Gayle
Samir Gehani,Gehani
Jim Gellman,Gellman
Henrik Gemal,Gemal
Damjan Georgievski,Georgievski
David Gerard,Gerard
Kevin Gerich,Gerich
Rick Gessner,Gessner
Dumitru Gherman,Gherman
Tailer Giacometti,Giacometti
John Giannandrea,Giannandrea
Bill Gianopoulos,Gianopoulos
Bill Gibbons,Gibbons
Stelios Gidaris,Gidaris
Ian Gilman,Gilman
Santiago Gimeno,Gimeno
Rob Ginda,Ginda
Benoit Girard,Girard
Manoj Kumar Giri,Giri
Sandro Della Giustina,Giustina
Jeremy Glassenberg,Glassenberg
Daniel Glazman,Glazman
Mike Gleeson,Gleeson
Taras Glek,Glek
Jennifer Glick,Glick
Joshua Go,Go
Esther Goes,Goes
Sunny Gogoi,Gogoi
Dan Gohman,Gohman
Eli Goldberg,Goldberg
Sol Goldfarb,Goldfarb
Felipe Gomes,Gomes
Ernesto Gómez,Gómez
Fernando García Gómez,Gómez
Reuven Gonen,Gonen
 Giovanny Gongora Granada,Gongora Granada
Ben Goodger,Goodger
Mark Goodwin,Goodwin
Fenella Gor,Gor
Paul Gorodyansky,Gorodyansky
Aravind Gottipati,Gottipati
Dão Gottwald,Gottwald
Alma Granov,Granov
Jonathan Granrose,Granrose
Jarrod Gray,Gray
Zak Greant,Greant
Pamela Greene,Greene
Matthew Gregan,Gregan
Joseph Gregorio,Gregorio
Jonathan Griffin,Griffin
Tague Griffith,Griffith
Gintautas Grigas,Grigas
Matt Grimes,Grimes
Brian Grinstead,Grinstead
Steven Groginsky,Groginsky
Axel Grude,Grude
Patrick Gu,Gu
Will Guaraldi,Guaraldi
Alexey Gubanov,Gubanov
Kristján Bjarni Guðmundsson,Guðmundsson
Shay Gueron,Gueron
Karl Guertin,Guertin
Ramanathan Guha,Guha
Arnt Guldbrandsen,Guldbrandsen
Pamela Gulijczuk,Gulijczuk
Georgi Guninski,Guninski
Marion Gunn,Gunn
Pat Gunn,Gunn
Ashishi Gupta,Gupta
Sanjay Gupta,Gupta
Sankha Narayan Guria,Guria
Adam Guthrie,Guthrie
Derkjan de Haan,Haan
Vidar Braut Haarr,Haarr
Dave Haas,Haas
Mike Habicher,Habicher
Jonathan Hage,Hage
Mohammad Reza Haghighat,Haghighat
Andrei Hajdukewycz,Hajdukewycz
Andrew Halberstadt,Halberstadt
David Hallowell,Hallowell
Mark B. Hamby,Hamby
Mark Hammond,Hammond
Kevin Hanes,Hanes
Paul Hangas,Hangas
Henrik Lynggaard Hansen,Hansen
Stefan Hanske,Hanske
Jennifer Hao,Hao
Trevor Hardcastle,Hardcastle
Lawrence Hardiman,Hardiman
Romi Hardiyanto,Hardiyanto
Stephen Hardt,Hardt
Cyrus Harmon,Harmon
Matthew Harmsen,Harmsen
Steve Harper,Harper
Warren Harris,Harris
Brad Hart,Hart
Hirotoshi Harunaga,Harunaga
Mark Harvey,Harvey
Hooshmand Hasannia,Hasannia
Achim Hasenmueller,Hasenmueller
Basil Hashem,Hashem
Piniel Hasibuan,Hasibuan
Amancio Hasty,Hasty
Jens Hatlak,Hatlak
Ujjwal Hatuwal,Hatuwal
Adam Hauner,Hauner
Jasper Hauser,Hauser
Adrian Havill,Havill
Terry Hayes,Hayes
Ian Hayward,Hayward
Tianhao He,He
Quentin Headen,Headen
Ben Hearsum,Hearsum
Axel Hecht,Hecht
Frank Hecker,Hecker
Leif Hedstrom,Hedstrom
Prabhat Hegde,Hegde
Michael Hein,Hein
Brian Heinrich,Heinrich
Jason Heirtzler,Heirtzler
Thorsten Heit,Heit
Robert Helmer,Helmer
Robert Hencke,Hencke
Christopher Henderson,Henderson
Richard Henderson,Henderson
Patrick Hendriks,Hendriks
Sebastian Hengst,Hengst
Michael Henretty,Henretty
Håvar Ingmund Henriksen,Henriksen
Andrew Henry,Henry
Muris Herak,Herak
Bjarne Herland,Herland
Dave Herman,Herman
Sara Hermann,Hermann
Stefan Hermes,Hermes
Toni Hermoso Pulido,Hermoso Pulido
Tara Hernandez,Hernandez
Andrés Hernández Monge,Hernández Monge
Daniel Rodríguez Herrera,Herrera
Richard Hess,Hess
Joe Hewitt,Hewitt
Kipp Hickman,Hickman
James Hicks,Hicks
Jon Hicks,Hicks
Ian Hickson,Hickson
Ralf Hildebrandt,Hildebrandt
Chris Hill,Hill
John Wayne Hill,Hill
Tim Hill,Hill
Naoki Hirata,Hirata
Ludovic Hirlimann,Hirlimann
Jared Hirsch,Hirsch
Jonah Ho,Ho
Stanley Ho,Ho
Graydon Hoare,Hoare
Trevor Hobson,Hobson
Eric Hodel,Hodel
Grey Hodge,Hodge
Andrew Hodgkinson,Hodgkinson
Chris Hofmann,Hofmann
Timothy Hogan,Hogan
Panu Petteri Höglund,Höglund
Daniel Holbert,Holbert
Christian Holler,Holler
Bobby Holley,Holley
Laurens Holst,Holst
Mike Hommey,Hommey
Masashi Honma,Honma
Martin Honnen,Honnen
Torstein Hønsi,Hønsi
John Hopkins,Hopkins
Vera Horiuchi,Horiuchi
Stephen Horlander,Horlander
Max Horn,Horn
Matjaž Horvat,Horvat
Waldemar Horwat,Horwat
Shaw Hosaka,Hosaka
Khaled Hosny,Hosny
Belayet Hossain,Hossain
Naoki Hotta,Hotta
Chris Houck,Houck
Ayman Hourieh,Hourieh
Chad House,House
Mohomodou Houssouba,Houssouba
Benedict Hsieh,Hsieh
Dora Hsu,Hsu
Alina Hua,Hua
Candice Huang,Huang
Dave Huang,Huang
Kevin Huang,Huang
Bert Hubert,Hubert
Markus Hübner,Hübner
Barbara Hueppe,Hueppe
Kyle Huey,Huey
James Huff,Huff
Karl Ove Hufthammer,Hufthammer
Ethan Hugg,Hugg
Anthony Hughes,Hughes
Joe Hughes,Hughes
Dan Hugo,Hugo
Jeferson Hultmann,Hultmann
David Humphrey,Humphrey
Dave Hunt,Hunt
Nicholas Hurley,Hurley
Anas Husseini,Husseini
Roman Huy-Prech,Huy-Prech
David Hyatt,Hyatt
Marco S. Hyman,Hyman
Miguel de Icaza,Icaza
Takeshi Ichimaru,Ichimaru
Alexander Ihrig,Ihrig
Joji Ikeda,Ikeda
Hiroyuki Ikezoe,Ikezoe
Chris Ilias,Ilias
Masahiko Imanaka,Imanaka
Jojoo Imbeah,Imbeah
Steffen Imhof,Imhof
Benito Infantino,Infantino
Shuichiro Inomata,Inomata
Eri Inoue,Inoue
Milda Irhamni,Irhamni
Jaagup Irve,Irve
Emma Irwin,Irwin
Maliha Islam,Islam
Joichi Ito,Ito
Oskar Ivanić,Ivanić
Benoit Jacob,Jacob
Dave Jagoda,Jagoda
Israt Jahan,Jahan
Neeti Jain,Jain
Henri Jalonen,Jalonen
Nabireeba James,James
San James,James
Jan Jamsek,Jamsek
Atul Jangra,Jangra
Darshan Jani,Jani
Peter Jaros,Jaros
Jamus Jegier,Jegier
Rob Jerdonek,Jerdonek
Randell Jesup,Jesup
Daniel Jeter II,Jeter II
Tatjana Jevsikova,Jevsikova
Henry Jia,Jia
Jack Jia,Jia
Jin Jian,Jian
Amed Çeko Jiyan,Jiyan
David Joham,Joham
Glenn Johnson,Johnson
Scott Johnson,Johnson
Steven Johnson,Johnson
Jason Johnston,Johnston
Martin Joné,Joné
Alan S. Jones,Jones
Brian Jones,Jones
Byron Jones,Jones
Dewi Jones,Jones
Jeffrey Jones,Jones
Ryan Jones,Jones
Jan Jongboom,Jongboom
Dainis Jonitis,Jonitis
Jonas Jørgensen,Jørgensen
Ani Joshi,Joshi
Erica Jostedt,Jostedt
Laurent Jouanneau,Jouanneau
Gorjan Jovanovski,Jovanovski
Kamil Jozwiak,Jozwiak
Rick Ju,Ju
Michael Judge,Judge
Balazs Juhasz,Juhasz
Ali Juma,Juma
Bob Jung,Jung
Choi Junho,Junho
Gerard Juyn,Juyn
Dai. K.,K.
Galaxy Kadiyala,Kadiyala
Takuomi Kagaya,Kagaya
Cameron Kaiser,Kaiser
Christian Kaiser,Kaiser
Robert Kaiser,Kaiser
Kosuke Kaizuka,Kaizuka
Jignesh Kakadiya,Kakadiya
Kerim Kalamujić,Kalamujić
Adrian Kalla,Kalla
Aaron Kaluszka,Kaluszka
Sandip Kamat,Kamat
Ryuzi Kambe,Kambe
Shotaro Kamio,Kamio
Gen Kanai,Kanai
Max Kanat-Alexander,Kanat-Alexander
Edward Kandrot,Kandrot
Tetsuya Kaneuchi,Kaneuchi
Masanori Kaneko,Kaneko
Paul Kanz,Kanz
Blake Kaplan,Kaplan
Mike Kaplinskiy,Kaplinskiy
Michael Kaply,Kaply
Pranav Kapoor,Kapoor
Mitch Kapor,Kapor
John Karahalis,Karahalis
Ante Karamatić,Karamatić
David Karlton,Karlton
Phil Karlton,Karlton
Biraj Karmakar,Karmakar
Chris Karnaze,Karnaze
Kevin Karpenske,Karpenske
Viking Karwur,Karwur
Nagato Kasaki,Kasaki
Suresh Kasinathan,Kasinathan
Marko Kastelic,Kastelic
Peter Kasting,Kasting
Masaki Katakai,Katakai
Kazuyoshi Kato,Kato
Makoto Kato,Kato
Tomomi Kato,Kato
Slavomir Katuscak,Katuscak
Varun Kaushik,Kaushik
Ryo Kawaguchi,Kawaguchi
Alfred Kayser,Kayser
Koike Kazuhiko,Kazuhiko
Joe Keane,Keane
Chris Keating,Keating
Michael R. Kedl,Kedl
David Keeler,Keeler
Juergen Keil,Keil
Miodrag Kekic,Kekic
R.J. Keller,Keller
Michael Kelly,Kelly
Kálmán Kéménczy,Kéménczy
Lina Kemmel,Kemmel
Todd Kennedy,Kennedy
Ton Kensen,Kensen
Benjamin Kerensa,Kerensa
Ben Kero,Kero
Jason Kersey,Kersey
Ekanan Ketunuti,Ketunuti
Jonathan Kew,Kew
Philipp Kewisch,Kewisch
Alex Keybl,Keybl
Misak Khachatryan,Khachatryan
Vahe Khachikyan,Khachikyan
Rami Khader,Khader
Sara Khalatbari,Khalatbari
Mahay Alam Khan,Khan
Sara Khan,Khan
Kshitiz Khanal,Khanal
Alireza Kheirkhahan,Kheirkhahan
Bùi Việt Khoa,Khoa
Oleg Khokhlov,Khokhlov
Jaeyoon Kim,Kim
JoungKyun Kim,Kim
Paul Kim,Kim
Masatoshi Kimura,Kimura
Austin King,King
Brian King,King
Jerry L. Kirk,Kirk
Harald Kirschner,Kirschner
James Kitchener,Kitchener
Ria Klaassen,Klaassen
Oliver Klee,Klee
Erik Klepsvik,Klepsvik
Julija Klimkienė,Klimkienė
Christopher Kline,Kline
Aaron Klotz,Klotz
Marcia Knous,Knous
Kit Knox,Knox
Nelson Ko,Ko
Jeffrey S. Kobal,Kobal
Teruko Kobayashi,Kobayashi
Gregory Koberger,Koberger
Paul Kocher,Kocher
Yannick Koehler,Koehler
Curtis Koenig,Koenig
Kurt Kohler,Kohler
Michael Kohler,Kohler
Michael Köhler,Köhler
Dmitry Kohmanyuk,Kohmanyuk
Greg Kolanek,Kolanek
Justin A. Kolodziej,Kolodziej
Chris Kolosiwsky,Kolosiwsky
Piotr Komoda,Komoda
Stephen Koren,Koren
Tetsuya Kosaka,Kosaka
Greg Kostello,Kostello
Sweta Kothari,Kothari
Chiaki Koufugata,Koufugata
Gary Kovacs,Kovacs
Anton Kovalyov,Kovalyov
Mike Kowalski,Kowalski
Hidehiro Kozawa,Kozawa
Delalorm Kpeli-Semabia,Kpeli-Semabia
Daniel Kraft,Kraft
Vlad Krasnov,Krasnov
Ori Kravitz,Kravitz
Nick Kreeger,Kreeger
Ramesh Krishnamagaru,Krishnamagaru
Pēteris Krišjānis,Krišjānis
Jesper Kristensen,Kristensen
John Kristian,Kristian
Christopher Kritzer,Kritzer
Eric Krock,Krock
Jan Kroken,Kroken
Scott Kronick,Kronick
Krishnababu Krothapalli,Krothapalli
Gijs Kruitbosch,Kruitbosch
Jan Küchler,Küchler
Rimas Kudelis,Kudelis
Ognyan Kulev,Kulev
Radha Kulkarni,Kulkarni
Naresh Kumar,Kumar
R Veera Kumar,Kumar
Rethi Kumar,Kumar
Ravi Kumbhkar,Kumbhkar
Michael Kurze,Kurze
Igor Kushnirskiy,Kushnirskiy
Gerardo Kvaternik,Kvaternik
Gary Kwong,Kwong
Aki Laaksovirta,Laaksovirta
Marek Laane,Laane
Kamil Lach,Lach
Dirk Laessig,Laessig
Wei-Chen Lai,Lai
Peter Lairo,Lairo
Steve Lamm,Lamm
Mounir Lamouri,Lamouri
Simone Lando,Lando
Tom Lane,Lane
Mark Lanett,Lanett
David Lanham,Lanham
Joell Lapitan,Lapitan
Sharon Laquinta,Laquinta
Todd Larason,Larason
Alexander Larsson,Larsson
Brad Lassey,Lassey
Chris Lattner,Lattner
Ben Laurie,Laurie
Ryan Laverdiere,Laverdiere
Bill Law,Law
Roger Lawrence,Lawrence
Chris Lawson,Lawson
Martin Lawyer,Lawyer
Justin Lazaro,Lazaro
Thaks Van Le,Le
Jeremy Lea,Lea
Christopher D. Leary,Leary
Justin Lebar,Lebar
Delphine Lebédel,Lebédel
Antoine Leca,Leca
David Lechner,Lechner
Edward Lee,Lee
Elliot Lee,Lee
Francis Lee,Lee
Hoa Lee,Lee
Kevin Lee,Lee
Michael Lee,Lee
Neil Lee,Lee
Raymond Lee,Lee
Taek Lee,Lee
Michiel van Leeuwen,Leeuwen
Jan Leger,Leger
Marie Léger-St-Jean,Léger-St-Jean
Christian Legnitto,Legnitto
Michelle Lei,Lei
Margaret Leibovic,Leibovic
Jannis Leidel,Leidel
Thomas Lendacky,Lendacky
Attila Lendvai,Lendvai
Jonathan Lennox,Lennox
Jake Lentz,Lentz
Mike Lenz,Lenz
Sander Lepik,Lepik
Tomi Leppikangas,Leppikangas
Garrett LeSage,LeSage
Benoît Leseul,Leseul
Jonathan Leto,Leto
Ian Leue,Leue
Aaron Leventhal,Leventhal
Michael Leventhal,Leventhal
Clayton Lewis,Lewis
Jessie Li,Li
Richard Li,Li
Shanjian Li,Li
​Xiang Li,Li
Shuehan Liang,Liang
Dan Libby,Libby
Sarah E.V. Liberman,Liberman
Nicolás Lichtmaier,Lichtmaier
Kurt J. Lidl,Lidl
Pontus Lidman,Lidman
Anne-Julie Ligneau,Ligneau
Morten Liljegren,Liljegren
Pablo Lillia,Lillia
John Lilly,Lilly
Alexander Limi,Limi
Hung-Te Lin,Lin
Mark Lin,Lin
Frank van der Linden,Linden
Norbert Lindenberg,Lindenberg
David Lindes,Lindes
Srinivas Lingutla,Lingutla
Peter Linss,Linss
Betty Lipkin,Lipkin
Gábor Lipták,Lipták
Zach Lipton,Lipton
Luigi Lira,Lira
Calvin Liu,Liu
Chenxia Liu,Liu
Kai Liu,Liu
Mindy Liu,Liu
Vladimir Livshits,Livshits
Richard K. Lloyd,Lloyd
Adam Lock,Lock
Reed Loden,Loden
Francesco Lodolo,Lodolo
Kavitha Logan,Logan
Syd Logan,Logan
Lars Lohn,Lohn
Srishanu Lokupathirage,Lokupathirage
Robert Longson,Longson
Chris Lonnen,Lonnen
Guillermo López,López
Bob Lord,Lord
Chris Lord,Lord
Michael Lowe,Lowe
Boying Lu,Lu
Charity Lu,Lu
Harry Lu,Lu
Robin Lu,Lu
Xiaobin Lu,Lu
Peter Lubczynski,Lubczynski
Torben Lüders,Lüders
Kristian Paul Lugtu,Lugtu
Michelle Luna,Luna
Bill Lynch,Lynch
Gregory Lynn,Lynn
Chris Lyon,Lyon
Iarla Mac Aodha Bhuí,Mac Aodha Bhuí
Diarmaid Mac Mathúna,Mac Mathúna
Dáithi Mac Sithigh,Mac Sithigh
Al MacDonald,MacDonald
Scott MacGregor,MacGregor
Phil Machalski,Machalski
Matthew Riley MacPherson,MacPherson
Paul MacQuiddy,MacQuiddy
Ziggy Maes,Maes
Giacomo Magnini,Magnini
Markus Amalthea Magnuson,Magnuson
Joel Maher,Maher
Priscilla Mahlangu,Mahlangu
Nils Maier,Maier
Ere Maijala,Maijala
Wade Majors,Majors
Muhammad Ali Makki,Makki
Raul-Nicolae Malea,Malea
Waqar Malik,Malik
Daniel Malmer,Malmer
Staś Małolepszy,Małolepszy
Klaus Malorny,Malorny
Daniel Maluszczak,Maluszczak
Mohamed Manai,Manai
Lawrence Mandel,Mandel
David Mandelin,Mandelin
Shyam Mani,Mani
Midhun Manoj,Manoj
Charles Manske,Manske
Steve Mansour,Mansour
Elisabetta Manuele,Manuele
Giorgio Maone,Maone
Andrea Marchesini,Marchesini
Jean-Bernard Marcon,Marcon
Tanner Marino,Marino
Gervase Markham,Markham
Tobias Markus,Markus
Lasse Marøen,Marøen
Brent Marshall,Marshall
Neil Marshall,Marshall
Owen Marshall,Marshall
Sean Martell,Martell
Richard Marti,Marti
Julie Martin,Martin
Stacy Martin,Martin
Stephen Martin,Martin
Rubén Martín,Martín
Pedro Martins,Martins
Joonas Marttila,Marttila
Kazushi Marukawa,Marukawa
Tsukasa Maruyama,Maruyama
Hendrik Maryns,Maryns
Jordi Mas,Mas
Allan Masri,Masri
Giuliano Masseroni,Masseroni
Matthew Mastracci,Mastracci
Daniel Matejka,Matejka
Pheledi Mathibela,Mathibela
Jim Mathies,Mathies
David Matiskella,Matiskella
Teiji Matsuba,Matsuba
Taro Matsuzawa,Matsuzawa
Josh Matthews,Matthews
Jake Maul,Maul
Chris McAfee,McAfee
Leo McArdle,McArdle
Sean McArthur,McArthur
Blair McBride,McBride
Mike McCabe,McCabe
Kevin McCarthy,McCarthy
Don McCasland,McCasland
Tim McClarren,McClarren
Erica McClure,McClure
Kevin McCluskey,McCluskey
Mike McCool,McCool
Cameron McCormack,McCormack
Patrick McCormick,McCormick
David McCusker,McCusker
Graeme McCutcheon,McCutcheon
Braden McDaniel,McDaniel
Ian McGreer,McGreer
Enda McGuinness,McGuinness
Dan McGuirk,McGuirk
Andy McKay,McKay
Paul McLanahan,McLanahan
Patrick McManus,McManus
Kumar McMillan,McMillan
John McMullen,McMullen
Tim McNerney,McNerney
Bob Meader,Meader
Tim Meader,Meader
Geo Mealer,Mealer
Matthew Mecca,Mecca
Vinícius Medina,Medina
David Meeker,Meeker
Heather Meeker,Meeker
Rich Megginson,Megginson
Robin Mehdee,Mehdee
Walter Meinl,Meinl
Myk Melez,Melez
Hovik Melikyan,Melikyan
Magnus Melin,Melin
Ralph Mellor,Mellor
Don Melton,Melton
Ian Melven,Melven
Jim Melvin,Melvin
Federico Mena-Quintero,Mena-Quintero
Jordan Mendelson,Mendelson
Jishnu Menon,Menon
Mark Mentovai,Mentovai
Wayne Mery,Mery
Laura Mesa,Mesa
Ben Mesander,Mesander
Eric A. Meyer,Meyer
Ricardo Meza,Meza
Felix Miata,Miata
Steven Michaud,Michaud
Matthew Middleton,Middleton
Ted Mielczarek,Mielczarek
Bernd Mielke,Mielke
Dave Miller,Miller
Nathan Miller,Miller
Tristan Miller,Miller
Dan Mills,Mills
Malini Minasandram,Minasandram
Mauricio Navarro Miranda,Miranda
Rimas Misevičius,Misevičius
Anup Kumar Mishra,Mishra
Rakesh Mishra,Mishra
Kornel Misiejuk,Misiejuk
Bill Mitchell,Mitchell
Dustin Mitchell,Mitchell
Eric B. Mitchell,Mitchell
Frank Mitchell,Mitchell
Bruce Mitchener,Mitchener
Jon Mittelhauser,Mittelhauser
Peter Mock,Mock
Reza Mohammadi,Mohammadi
Odin Mojica,Mojica
Soren Juul Moller,Moller
Tamás Molnár,Molnár
Katsuhiko Momoi,Momoi
Alan Monfort,Monfort
Michael Monreal,Monreal
Gabriela Montagu,Montagu
Simon Montagu,Montagu
Connor Montgomery,Montgomery
Lou Montulli,Montulli
Derek Moore,Moore
Pete Moore,Moore
Reuben Morais,Morais
Jay Moran,Moran
Fernando Jiménez Moreno,Moreno
Mike Morgan,Morgan
Stuart Morgan,Morgan
Håvard Mork,Mork
Ed Morley,Morley
April Morone,Morone
Dan Morrill,Morrill
John Morrison,Morrison
Steve Morrison,Morrison
Jennifer Morrow,Morrow
Steve Morse,Morse
Tiffney Mortensen,Mortensen
Dan Mosedale,Mosedale
Adam Moss,Moss
Bob Moss,Moss
Sedric Motha,Motha
Egota Motohiro,Motohiro
Srilatha Moturi,Moturi
Guillermo Movia,Movia
Michael Moy,Moy
Rongjun Mu,Mu
Thomas Mueller,Mueller
Baurzhan Muftakhidinov,Muftakhidinov
Jafar Muhammed,Muhammed
Jeff Muizelaar,Muizelaar
Mehdi Mulani,Mulani
Avash Mulmi,Mulmi
Alex Munroe,Munroe
Sreenidhi Muralidharan,Muralidharan
Constantine Murenin,Murenin
Sean Murphy,Murphy
Stephen John Murphy,Murphy
Kevin Murray,Murray
Samuel Murray,Murray
Spencer Murray,Murray
Brian J. Murrell,Murrell
Balanithy Murugaiah,Murugaiah
Alex Musil,Musil
Akira Mutsuro,Mutsuro
Allison Naaktgeboren,Naaktgeboren
Srinath Nadimpalli,Nadimpalli
Priyanka Nag,Nag
Abhishek Nagar,Nagar
Geetha Nagarajan,Nagarajan
Gergő Nagy,Nagy
Saurabh Nair,Nair
Noriyuki Nakajima,Nakajima
Glen Nakamura,Nakamura
Masayuki Nakano,Nakano
Novica Nakov,Nakov
Ashish Namdev,Namdev
James Lewis Nance,Nance
Murali Nandigama,Nandigama
Chris Nandor,Nandor
Chak Nanga,Nanga
Shashi Narain,Narain
Rishabh Narayan,Narayan
Anant Narayanan,Narayanan
Shigeki Narisawa,Narisawa
Danishka Navin,Navin
Antti Näyhä,Näyhä
Marria Nazif,Nazif
Ian Neal,Neal
Christopher Nebergall,Nebergall
David Nebinger,Nebinger
Michel Nédélec,Nédélec
Kev Needham,Needham
Kaori Negoro,Negoro
Chris Nelson,Nelson
Dru Nelson,Nelson
Bryce Nesbitt,Nesbitt
Nicholas Nethercote,Nethercote
Brad Neuberg,Neuberg
Dave Neuer,Neuer
João Miguel Neves,Neves
João Neves,Neves
Ben Newman,Newman
Richard Newman,Newman
John Neystadt,Neystadt
Giao Nguyen,Nguyen
Hoa Nguyen,Nguyen
Nick Nguyen,Nguyen
Thu Nguyen,Nguyen
Vuong Doan Nguyen,Nguyen
Mạnh Hùng Nguyễn,Nguyễn
Sơn Trần Nguyễn,Nguyễn
Xuân Minh Nguyễn,Nguyễn
Samia Niamatullah,Niamatullah
Vivien Nicolas,Nicolas
Andrew Niese,Niese
Johnathan Nightingale,Nightingale
Timothy Nikkel,Nikkel
Andreas Nilsson,Nilsson
Martin Nilsson,Nilsson
Mohamed Nimshath,Nimshath
Takeshi Nishimura,Nishimura
Tristan Nitot,Nitot
Takashi Nobsawa,Nobsawa
Alice Nodelman,Nodelman
Michael Noe,Noe
Greg Noel,Noel
Aleksey Nogin,Nogin
Matthew Noorenberghe,Noorenberghe
Leonard Norrgård,Norrgård
Eoin Norris,Norris
Mike Norton,Norton
Chelsea Novak,Novak
Matej Novak,Novak
Michal Novotny,Novotny
Tomasz Nowakowski,Nowakowski
Daniel Nunes,Nunes
Pam Nunn,Nunn
Séamus Ó Ciardhuáin,Ó Ciardhuáin
Caoimhín Ó Donnaile,Ó Donnaile
Robert O'Callahan,O'Callahan
John O'Duinn,O'Duinn
Michael O'Reilly,O'Reilly
Paul O'Shannessy,O'Shannessy
Dirkjan Ochtman,Ochtman
Jan Odvárko,Odvárko
Ian Oeschger,Oeschger
Hrant Ohanyan,Ohanyan
Toshiyuki Oka,Oka
Robert Okadar,Okadar
Tomoyuki Okazaki,Okazaki
Eric Olson,Olson
Zaw Oo,Oo
Wei Tsang Ooi,Ooi
Les Orchard,Orchard
Jeremy Orem,Orem
Jason Orendorff,Orendorff
Serge Orlov,Orlov
Tina Ornduff,Ornduff
Rick Osborne,Osborne
Hideo Oshima,Oshima
Artur Osiński,Osiński
Brian Ostrom,Ostrom
Andreas Otte,Otte
Maruf Ovee,Ovee
Sureshkumar Packiyarajah,Packiyarajah
Shawn Packwood,Packwood
Rodrigo Padula,Padula
Harrison Page,Page
Isriya Paireepairit,Paireepairit
Alex Pakhotin,Pakhotin
Wladimir Palant,Palant
João Palharini,Palharini
Raju Pallath,Pallath
Marcus Pallinger,Pallinger
Mats Palmgren,Palmgren
Ricardo Palomares,Palomares
Bill Panagouleas,Panagouleas
Par Pandit,Pandit
Patcharaporn Pansuwan,Pansuwan
Pierros Papadeas,Papadeas
Kostas Papadimas,Papadimas
Simon Paquet,Paquet
Tom Paquin,Paquin
Alexandre Paradis,Paradis
Steve Parkinson,Parkinson
Stuart Parmenter,Parmenter
Dan Parsons,Parsons
Varada Parthasarathi,Parthasarathi
Sylvain Pasche,Pasche
Davide Pasetto,Pasetto
Balazs Pataki,Pataki
Ankit Patel,Patel
Cyrus Patel,Patel
Dhiren Patel,Patel
Jay Patel,Patel
Kailas Patil,Patil
Curt Patrick,Patrick
Chris Pearce,Pearce
Akkana Peck,Peck
Javier H. Pedemonte,Pedemonte
Sigita Pedzevičienė,Pedzevičienė
Julian Pellico,Pellico
Alfred Peng,Peng
Reinhold Penner,Penner
Jesús Pérez,Pérez
Joaquim Perez Noguer,Perez Noguer
Sebastian Perez Vasseur,Perez Vasseur
Nicolas Perriault,Perriault
Jean-Yves Perrier,Perrier
Christian Persch,Persch
Kalle Persson,Persson
Ulisse Perusin,Perusin
Ani Peter,Peter
Christopher Petersen,Petersen
Benjamin Peterson,Peterson
Chris Peterson,Peterson
Phil Peterson,Peterson
Frank Petitta,Petitta
Olli Pettay,Pettay
Jan-Espen Pettersen,Pettersen
Anurag Phadke,Phadke
Loan Pham,Pham
Pierre Phaneuf,Phaneuf
Polawat Phetra,Phetra
Thom Phillabaum,Phillabaum
Paul Phillips,Phillips
Poakpong Phongsasanongkul,Phongsasanongkul
Amitakhya Phukan,Phukan
Francisco Picolini,Picolini
John Pierce,Pierce
Julien Pierre,Pierre
Nicolas B. Pierron,Pierron
Sonny Piers,Piers
Martijn Pieters,Pieters
Paul Pietromonaco,Pietromonaco
Ravi Pina,Pina
Vineel Reddy Pindi,Pindi
Pedro Pinheiro,Pinheiro
Mike Pinkerton,Pinkerton
Anthony Piraino,Piraino
Tom Pixley,Pixley
Rich Pizzarro,Pizzarro
Stefan Plewako,Plewako
Michael Plitkins,Plitkins
Frederick Plourde,Plourde
Erik van der Poel,Poel
Ville Pohjanheimo,Pohjanheimo
Stephen Pohl,Pohl
Philip Pokorny,Pokorny
Marcelo Poli,Poli
Eric Pollmann,Pollmann
Alex Polvi,Polvi
Nickolay Ponomarev,Ponomarev
Victor Porof,Porof
Dan Portillo,Portillo
Abhishek Potnis,Potnis
Rick Potts,Potts
Roozbeh Pournader,Pournader
Jai Pradeesh,Pradeesh
Harshal Pradhan,Pradhan
Arun Prakash,Prakash
Larry Prall,Prall
Shankar Prasad,Prasad
Imrizal Pratama,Pratama
Tony Pratschke,Pratschke
Christopher Pratt,Pratt
Andreas Premstaller,Premstaller
Karen Prescott,Prescott
Terri Preston,Preston
Roberto Principiano,Principiano
Shannon Prior,Prior
Matej Priteržnik,Priteržnik
Jonathan Protzenko,Protzenko
Jane Prusakova,Prusakova
Rhoslyn Prys,Prys
Karol Ptasinski,Ptasinski
Paul Pullormadam,Pullormadam
Scott Putterman,Putterman
Andrew Quartey,Quartey
Florian Quèze,Quèze
William Quiviger,Quiviger
Jim Race,Race
Bhuvan Racham,Racham
Sriram Raghuraman,Raghuraman
Md. Anisur Rahman,Rahman
Zenat Rahnuma,Rahnuma
Amarjeet Singh Rai,Rai
Krupa Raj,Raj
David Rajchenbach-Teller,Rajchenbach-Teller
Rerng-rit Rakkanittakorn,Rakkanittakorn
Sriram Ramasubramanian,Ramasubramanian
Cherlowe Reinard Ramirez,Ramirez
Asiri Ranasinghe,Ranasinghe
Glenn Randers-Pehrson,Randers-Pehrson
Arun Ranganathan,Ranganathan
Nisheeth Ranjan,Ranjan
Rajesh Ranjan,Ranjan
HJ van Rantwijk,Rantwijk
Regnard Raquedan,Raquedan
Keith Rarick,Rarick
Samphan Raruenrom,Raruenrom
Martijn Ras,Ras
Neil Rashbrook,Rashbrook
Aza Raskin,Raskin
Mike Ratcliffe,Ratcliffe
Terry Rather,Rather
Dron Rathore,Rathore
Sheela Ravindran,Ravindran
Bret Reckard,Reckard
Sujith Reddy,Reddy
J. Paul Reed,Reed
Mark Reid,Reid
Aleks Reinhardt,Reinhardt
Rüdiger Reinhardt,Reinhardt
Rick Reitmaier,Reitmaier
Oleg Rekutin,Rekutin
Bob Relyea,Relyea
Hervé Renault,Renault
Lisa Repka,Repka
John Resig,Resig
Ramón Retamar,Retamar
Markus Rex,Rex
Carlos Reyes,Reyes
Robert Reyes,Reyes
William Reynolds,Reynolds
Anthony Ricaud,Ricaud
Tim Rice,Rice
Deb Richardson,Richardson
Sean Richardson,Richardson
Mohamed Rila,Rila
Tim Riley,Riley
Victor Riley,Riley
Mário Rinaldi,Rinaldi
Phil Ringnalda,Ringnalda
Tom Rini,Rini
Kumar Rishav,Rishav
Julien Rivaud,Rivaud
Yancy Rivera,Rivera
Adam Roach,Roach
A. Daniel Roberts,Roberts
Brad Roberts,Roberts
Tony Robinson,Robinson
Michele Rodaro,Rodaro
Carlos Rodrigues,Rodrigues
Fred Roeber,Roeber
Greg Roelofs,Roelofs
Brian Rogers,Rogers
Mikeal Rogers,Rogers
Maria Carina Roldan,Roldan
David Rolnitzky,Rolnitzky
Asaf Romano,Romano
Andrei Romanov,Romanov
Oleg Romashin,Romashin
Erdal Ronahi,Ronahi
Ricky Rosario,Rosario
Erik Rose,Rose
Dan Rosen,Rosen
Wolfgang Rosenauer,Rosenauer
Doron Rosenberg,Rosenberg
Jim Roskind,Roskind
Blake Ross,Ross
James Ross,Ross
Catalin Rotaru,Rotaru
Paul Rouget,Rouget
Tom Ottar Røw,Røw
Tim Rowley,Rowley
Branislav Rozbora,Rozbora
Steve Rubinstein,Rubinstein
Jesse Ruderman,Ruderman
Steve Rudman,Rudman
Torsten Rüger,Rüger
Julen Ruiz Aizpuru,Ruiz Aizpuru
Philipp Rumpf,Rumpf
Terje Runde,Runde
Jae-Seong Russell-Lee,Russell-Lee
Brian Ryner,Ryner
Chris Saari,Saari
Hubert Sablonniere,Sablonniere
Alexander Sack,Sack
Jayakumar Sadhasivam,Sadhasivam
Hideo Saito,Saito
Masaaki Saitoh,Saitoh
Atsushi Sakai,Sakai
Gagan Saksena,Saksena
Eiko Sakuma,Sakuma
Mohammad Saleh,Saleh
Ummey Salma,Salma
Joseph Samake,Samake
Marina Samuel,Samuel
Wilfredo Sanchez,Sanchez
Pradeep Sanders,Sanders
Irina Sandu,Sandu
Patinya Sangiamchit,Sangiamchit
Jukka Santala,Santala
Jordan Santell,Santell
Diogo Santos,Santos
Montserrat Sanz,Sanz
Simon Sapin,Sapin
Andrei Saprykin,Saprykin
Farzaneh Sarafraz,Sarafraz
Elnaz Sarbar,Sarbar
Huda Sarfraz,Sarfraz
Robert Sargsyan,Sargsyan
Sayak Sarkar,Sarkar
Ibrahima Sarr,Sarr
Dauren Sarsenov,Sarsenov
Kengatharaiyer Sarveswaran,Sarveswaran
Aki Sasaki,Sasaki
Pierre Saslawsky,Saslawsky
Masatoshi Sato,Sato
Ken Saunders,Saunders
Stephane Saux,Saux
Aleksandar Savić,Savić
Robert Sayre,Sayre
Greg Scallan,Scallan
Kevin Scannell,Scannell
Jérôme Schell,Schell
Dylan K. Schiemann,Schiemann
Till Schneidereit,Schneidereit
Florian Scholz,Scholz
Margaret Schroeder,Schroeder
Mike Schroepfer,Schroepfer
Kurt Schultz,Schultz
Peter Schultz,Schultz
Tom Schuster,Schuster
Phil Schwan,Schwan
Keith Schwarz,Schwarz
Thomas Schwecherl,Schwecherl
Morgan Schweers,Schweers
Justin Scott,Scott
Will Scullin,Scullin
Chris Seawood,Seawood
Hiroshi Sekiya,Sekiya
Adnan Selimovic,Selimovic
Isan Selimovic,Selimovic
Lejla Selimović,Selimović
Merike Sell,Sell
Raffaele Sena,Sena
Bernd Senf,Senf
Swarnava Sengupta,Sengupta
Emilio Sepúlveda,Sepúlveda
RJ Ian Sevilla,Sevilla
Julian Seward,Seward
Natsagdorj Shagdar,Shagdar
Ayan Shah,Shah
Jithin Shah,Shah
Saurabh Shah,Shah
Dimi Shahbaz,Shahbaz
Tara Shahian,Shahian
Rezwan Shahid,Shahid
Berkley Shands,Shands
Wen Shaohua,Shaohua
Melissa Shapiro,Shapiro
Bindu Sharma,Sharma
Girish Sharma,Sharma
Gavin Sharp,Sharp
Mike Shaver,Shaver
Hubert Shaw,Shaw
Dylan Shea,Shea
Sandeep Shedmake,Shedmake
Eric Shepherd,Shepherd
Doug Sheppard,Sheppard
Gordon Sheridan,Sheridan
Ilya Sherman,Sherman
Roby Sherman,Sherman
Gia Shervashidze,Shervashidze
Jayesh Sheth,Sheth
Corey Shields,Shields
Hiroshi Shimoda,Shimoda
Atsushi Shimono,Shimono
Jungshik Shin,Shin
Bogomil Shopov,Shopov
Sipho Sibiya,Sibiya
Jonas Sicking,Sicking
Damon Sicore,Sicore
Roger B. Sidje,Sidje
Samuel Sidler,Sidler
Chris Siegler,Siegler
Hindrik Sijens,Sijens
Cristian Silaghi,Silaghi
Fernando Pereira Silveira,Silveira
Rodrigo Moreira Silveira,Silveira
Bob Silverberg,Silverberg
Robert Sim,Sim
Carlos Simão,Simão
Andrew Simmonds,Simmonds
Sudheesh Singanamalla,Singanamalla
Phisit Siprasatthong,Siprasatthong
Franz Sirl,Sirl
Henri Sivonen,Sivonen
Åsmund Skjæveland,Skjæveland
Rich Skrenta,Skrenta
Søren Munk Skrøder,Skrøder
Henrik Skupin,Skupin
John Slater,Slater
Alexander Slovesnik,Slovesnik
Benjamin Smedberg,Smedberg
Andrew Smith,Smith
Brandon Smith,Smith
Edwin Smith,Smith
Joshua Smith,Smith
Kyle Smith,Smith
Mark C. Smith,Smith
Vito Smolej,Smolej
Ivar Smolin,Smolin
Miloslaw Smyk,Smyk
Danijel Šnajder,Šnajder
Reed Snellenberger,Snellenberger
Window Snyder,Snyder
Hoi-Sheung Wilson So,So
Steve Sobel,Sobel
Henry Sobotka,Sobotka
James Socol,Socol
Sajeev Soni,Soni
Josh Soref,Soref
Jes Sorensen,Sorensen
Nochum Sossonko,Sossonko
Arnaud Sourioux,Sourioux
Marco Sousa,Sousa
Nelson Sousa,Sousa
Rod Spears,Spears
Ian Spence,Spence
Seth Spitzer,Spitzer
Jim Spring,Spring
Martin Srebotnjak,Srebotnjak
Sudharshan Srinivasan,Srinivasan
Pittaya Sroilong,Sroilong
Kenneth Stailey,Stailey
Andrew Staley,Staley
Sid Stamm,Stamm
Markus Stange,Stange
Sean Stangl,Stangl
Mihovil Stanić,Stanić
Michal Stanke,Stanke
Mark Stankus,Stankus
Dale V. Stansberry,Stansberry
Rainer Staringer,Staringer
Christos Stathis,Stathis
Katarzyna Stawarz,Stawarz
Douglas Stebila,Stebila
Jacob Steenhagen,Steenhagen
Jakub Steiner,Steiner
Brian Stell,Stell
Johnny Stenback,Stenback
Marek Stępień,Stępień
Brandon Sterne,Sterne
Xavier Stevens,Stevens
J. Ryan Stinnett,Stinnett
Clauber Stipkovic,Stipkovic
Mitchell Stoltz,Stoltz
Benjamin Stover,Stover
Rob Stradling,Stradling
Urs Streidl,Streidl
Pascual Strømsnæs,Strømsnæs
Robert Strong,Strong
Vebjørn Sture,Sture
Sean Su,Su
Kartik Subbarao,Subbarao
Mihai Sucan,Sucan
Vishnu Sudhakaran,Sudhakaran
Hani Suleiman,Suleiman
Jay Sullivan,Sullivan
Adam Sulmicki,Sulmicki
Lazar Sumar,Sumar
Selim Şumlu,Şumlu
John Sun,Sun
Vicky Sun,Sun
Wei-Lun Sun,Sun
Keiki Sunagawa,Sunagawa
Fredrik Sundberg,Sundberg
Kenneth Sungcaya,Sungcaya
Kinshuk Sunil,Sunil
Arthit Suriyawongkul,Suriyawongkul
Alexander Surkov,Surkov
Mark Surman,Surman
Patipat Susumpow,Susumpow
Meghraj Suthar,Suthar
Andrew Sutherland,Sutherland
Kristian Svanes,Svanes
Bjørn I. Svindseth,Svindseth
Kurt Swanson,Swanson
Aaron Swartz,Swartz
Janet Swisher,Swisher
Muhammad Syafiq Mazli,Syafiq Mazli
Alexandru Szasz,Szasz
Lloyd Tabb,Tabb
Hidetoshi Tajima,Tajima
Mark Takacs,Takacs
Yuka Takagi,Takagi
Clint Talbert,Talbert
Margaret Tallman,Tallman
Jerry Tan,Tan
Yung-Fong Tang,Tang
Tim Taubert,Taubert
Yaron Tausky,Tausky
Andrew Taylor,Taylor
Mike Taylor,Taylor
Owen Taylor,Taylor
Tim Taylor,Taylor
Arshad Tayyeb,Tayyeb
Takayuki Tei,Tei
Saša Teković,Teković
Raman Tenneti,Tenneti
David Tenser,Tenser
Wichai Termwuttipreecha,Termwuttipreecha
Dean Tessman,Tessman
Ohzeki Tetsuharu,Tetsuharu
Gent Thaçi,Thaçi
Jiten Thakkar,Thakkar
Namachivayam Thirumazhusai,Thirumazhusai
Bharath Thiruveedula,Thiruveedula
Chris Thomas,Thomas
Matthew Thomas,Thomas
Nick Thomas,Thomas
Andrew Thompson,Thompson
Patrick Thompson,Thompson
Laura Thomson,Thomson
Rob Thorne,Thorne
Nick Thweatt,Thweatt
Siyuan Tian,Tian
András Tímár,Tímár
Timur Timirkhanov,Timirkhanov
Ahmet Serkan Tıratacı,Tıratacı
Dominik Tobschall,Tobschall
Heikki Toivonen,Toivonen
Lee Tom,Tom
Karl Tomlinson,Tomlinson
Asko Tontti,Tontti
Youhei Tooyama,Tooyama
Abdulkadir Topal,Topal
Craig Topper,Topper
Chris Torek,Torek
Henri Torgemane,Torgemane
Nathan Torkington,Torkington
Chris Toshok,Toshok
Aleks Totic,Totic
Joan Touzet,Touzet
Dave Townsend,Townsend
Michael Toy,Toy
Aaron Train,Train
Archimedes Trajano,Trajano
Phong Tran,Tran
Eduardo Trápani,Trápani
Huynh Trinh,Trinh
Peter Trudelle,Trudelle
Andrew Truong,Truong
Jeff Tsai,Tsai
Panagiotis Tsalaportas,Tsalaportas
Rob Tucker,Tucker
Antoine Turmel,Turmel
Ben Turner,Turner
Doug Turner,Turner
Mahesh Tyagarajan,Tyagarajan
Mark Tyndall,Tyndall
Amié Tyrrel,Tyrrel
John Unruh,Unruh
Miguel Useche,Useche
Jonas Utterstron,Utterstron
Ain Vagula,Vagula
Vlado Valaštiak,Valaštiak
Judson Valeski,Valeski
Carlos Valim,Valim
Peter Van der Beken,Van der Beken
Peter van der Woude,van der Woude
Anne van Kesteren,van Kesteren
Teune van Steeg,van Steeg
Ryan VanderMeulen,VanderMeulen
Peter VanHelden,VanHelden
Ricardo Varas,Varas
Ronny Vårdal,Vårdal
Iñigo Varela,Varela
Jan Varga,Varga
Zoltan Varga,Varga
Dave Vasilevsky,Vasilevsky
Eric Vaughan,Vaughan
Dan Veditz,Veditz
Rodney Velasco,Velasco
Andrew Veliath,Veliath
Michael Ventnor,Ventnor
Kevin John Ventura,Ventura
Michael Verdi,Verdi
Teodora Vermesan,Vermesan
Hannes Verschore,Verschore
Matthias Versen,Versen
Julian Viereck,Viereck
Romain Vignes,Vignes
Kannan Vijayan,Vijayan
Ashish Vijayaram,Vijayaram
Jorge Villalobos,Villalobos
Jet Villegas,Villegas
Alexander J. Vincent,Vincent
Alistair Vining,Vining
Keith Visco,Visco
Sjoerd Visscher,Visscher
Frank Visser,Visser
Andy Vogel,Vogel
Johannes Vogel,Vogel
Erik Vold,Vold
Alexei Volkov,Volkov
Andrew Volkov,Volkov
Otto de Voogd,Voogd
Nino Vranešič,Vranešič
Vladimir Vukićević,Vukićević
Tanvi Vyas,Vyas
Håkan Waara,Waara
Andreas Wagner,Wagner
Gregor Wagner,Wagner
Luke Wagner,Wagner
Steven Wagner,Wagner
Ronan Waide,Waide
Julien Wajsberg,Wajsberg
Jeff Walden,Walden
Joe Walker,Walker
Stephen Walker,Walker
Tracy Walker,Walker
Rich Walsh,Walsh
Patrick Walton,Walton
Cathleen Wang,Wang
Cheng Wang,Wang
Frédéric Wang,Wang
Martijn Wargers,Wargers
Philip K Warren,Warren
Andrew Wason,Wason
Chris Waterson,Waterson
Robert Watkins,Watkins
Matt Watson,Watson
Jonathan Watt,Watt
Marek Wawoczny,Wawoczny
Nate Weaver,Weaver
Dieter Weber,Weber
Harshana Weerasinghe,Weerasinghe
Peter Weilbacher,Weilbacher
Frank Wein,Wein
Jared Wein,Wein
Zachary Weinberg,Weinberg
Dan Weinstein,Weinstein
Jeff Weinstein,Weinstein
Tom Weinstein,Weinstein
David Weir,Weir
Terry Weissman,Weissman
Philipp von Weitershausen,Weitershausen
Mark Welch,Welch
Morten Welinder,Welinder
Kalpa Welivitigoda,Welivitigoda
Shaohua Wen,Wen
Christian Wenz,Wenz
Frédéric Wenzel,Wenzel
Saint Wesonga,Wesonga
Gail White,White
Derek Wickersham,Wickersham
Dody Suria Wijaya,Wijaya
Steffen Wilberg,Wilberg
Duncan Wilcox,Wilcox
Brian C. Wiles,Wiles
Ian Wilkinson,Wilkinson
Simon Wilkinson,Wilkinson
Drew Willcoxon,Willcoxon
David Williams,Williams
Matthew Willis,Willis
Steve Willis,Willis
Shawn Wilsher,Wilsher
John Wilson,Wilson
Kathleen Wilson,Wilson
Matt Wilson,Wilson
Andy Wingo,Wingo
Daniel Witte,Witte
Taco Witte,Witte
Philippe Wittenbergh,Wittenbergh
Andrew Wnuk,Wnuk
John Wolfe,Wolfe
Friedel Wolff,Wolff
Steve Won,Won
Edmund Wong,Wong
Shirley Woo,Woo
Justin Wood,Wood
Robert Wood,Wood
Matt Woodrow,Woodrow
Simon Woodside,Woodside
Andrew Wooldridge,Wooldridge
Steve Workman,Workman
Edwin Woudt,Woudt
Michael Wu,Wu
Ru-Kang Wu,Wu
Alice Wyman,Wyman
Mike Wynholds,Wynholds
Paul Wyskoczka,Wyskoczka
Joshua Xia,Xia
Ying-Lin Xia,Xia
Antonio Xu,Xu
Masahiro Yamada,Yamada
Satoko Takita Yamaguchi,Yamaguchi
Satoru Yamaguchi,Yamaguchi
Kazu Yamamoto,Yamamoto
Frank Yan,Yan
Jay Yan,Yan
Xie Yanbo,Yanbo
Adam Yasui,Yasui
Koichi Yasuoka,Yasuoka
Loba Yeasmeen,Yeasmeen
Christopher Yeh,Yeh
Christine Yen,Yen
Fu-Hung Yen,Yen
Prasad Yendluri,Yendluri
Bolian Yin,Yin
Roy Tetsuro Yokoyama,Yokoyama
Eric York,York
Kohei Yoshino,Yoshino
Shigeru Yoshitake,Yoshitake
Tanner M. Young,Young
Arzhel Younsi,Younsi
Kyle Yuan,Yuan
Seokchan Yun,Yun
Richard Zach,Zach
Matthew Zahorik,Zahorik
Meelad Zakaria,Zakaria
Michal Zalewski,Zalewski
Vadim Zaliva,Zaliva
Armen Zambrano Gasparnian,Zambrano Gasparnian
Aidas Žandaris,Žandaris
Viesturs Zariņš,Zariņš
Jamie Zawinski,Zawinski
Boris Zbarsky,Zbarsky
David Zbarsky,Zbarsky
Marco Zehe,Zehe
Matthew Zeier,Zeier
Pete Zha,Zha
Leon Zhang,Zhang
Louie Zhao,Zhao
Philip Zhao,Zhao
Silvia Zhao,Zhao
Kevin Zhou,Zhou
Sam Ziegler,Ziegler
Alex Zizzinga,Zizzinga
Jiri Znamenacek,Znamenacek
Leszek Życzkowski,Życzkowski
Valeria Zysman,Zysman
Jason Thomas,Thomas
Erin Lancaster,Lancaster
Tobias Weibel,Weibel
Dethe Elza,Elza
Mavis Ou,Ou
Sayan Chowdhury,Chowdhury
Kristina Verbo,Verbo
Amit Kumar Thakur,Thakur
Ali Al Dallal,Al Dallal
Muhammad Sumon Molla Selim,Selim
Lai Chen Haw,Lai
Jean Austin Rodriguez,Rodriguez
Towfique Anam,Anam
Thirunahari Dyvik Chenna,Thirunahari
Gašper Deržanič,Deržanič
Anush Anulkumar,Anulkumar
Mahrazi Mohd Kamal,Mohd Kamal
Pamela Subbaraya Pillai,Subbaraya Pillai
Amod Narvekar,Narvekar
